Age Group,Year,Labor Force Participtaion Rate (%)
Total,1/1/1991,63.7
Total,1/1/1992,63.9
Total,1/1/1993,63.4
Total,1/1/1994,63.8
Total,1/1/1995,
Total,1/1/1996,64.1
Total,1/1/1997,63.7
Total,1/1/1998,63.1
Total,1/1/1999,64.1
Total,1/1/2000,
Total,1/1/2001,64.4
Total,1/1/2002,63.6
Total,1/1/2003,63.2
Total,1/1/2004,63.3
Total,1/1/2005,
Total,1/1/2006,65
Total,1/1/2007,65.1
Total,1/1/2008,65.6
Total,1/1/2009,65.4
Total,1/1/2010,66.2
Total,1/1/2011,66.1
Total,1/1/2012,66.6
Total,1/1/2013,66.7
Total,1/1/2014,67
Total,1/1/2015,68.3
Total,1/1/2016,68
Total,1/1/2017,67.7
Total,1/1/2018,67.7
Total,1/1/2019,68
Total,1/1/2020,68.1
Total,1/1/2021,70.5
15 to 19,1/1/1991,28.5
15 to 19,1/1/1992,27
15 to 19,1/1/1993,23.7
15 to 19,1/1/1994,21.6
15 to 19,1/1/1995,
15 to 19,1/1/1996,18.8
15 to 19,1/1/1997,15.5
15 to 19,1/1/1998,13.5
15 to 19,1/1/1999,16.1
15 to 19,1/1/2000,
15 to 19,1/1/2001,15.8
15 to 19,1/1/2002,11.9
15 to 19,1/1/2003,11.5
15 to 19,1/1/2004,12.1
15 to 19,1/1/2005,
15 to 19,1/1/2006,12.4
15 to 19,1/1/2007,13.6
15 to 19,1/1/2008,12.8
15 to 19,1/1/2009,11.8
15 to 19,1/1/2010,15.4
15 to 19,1/1/2011,12.3
15 to 19,1/1/2012,12.4
15 to 19,1/1/2013,11.8
15 to 19,1/1/2014,12.3
15 to 19,1/1/2015,15.8
15 to 19,1/1/2016,15.3
15 to 19,1/1/2017,14.2
15 to 19,1/1/2018,15.2
15 to 19,1/1/2019,15.1
15 to 19,1/1/2020,13.8
15 to 19,1/1/2021,15.7
20 to 24,1/1/1991,81
20 to 24,1/1/1992,78.8
20 to 24,1/1/1993,78.1
20 to 24,1/1/1994,76.7
20 to 24,1/1/1995,
20 to 24,1/1/1996,74.4
20 to 24,1/1/1997,71.7
20 to 24,1/1/1998,68.4
20 to 24,1/1/1999,70.7
20 to 24,1/1/2000,
20 to 24,1/1/2001,68.9
20 to 24,1/1/2002,65.2
20 to 24,1/1/2003,67.1
20 to 24,1/1/2004,66.9
20 to 24,1/1/2005,
20 to 24,1/1/2006,70.7
20 to 24,1/1/2007,66.6
20 to 24,1/1/2008,66.5
20 to 24,1/1/2009,63.5
20 to 24,1/1/2010,65.8
20 to 24,1/1/2011,62.8
20 to 24,1/1/2012,63.6
20 to 24,1/1/2013,61.7
20 to 24,1/1/2014,61.8
20 to 24,1/1/2015,65.3
20 to 24,1/1/2016,62.3
20 to 24,1/1/2017,62.2
20 to 24,1/1/2018,61.3
20 to 24,1/1/2019,61
20 to 24,1/1/2020,56
20 to 24,1/1/2021,62.4
25 to 29,1/1/1991,85.2
25 to 29,1/1/1992,86.1
25 to 29,1/1/1993,85.7
25 to 29,1/1/1994,86.4
25 to 29,1/1/1995,
25 to 29,1/1/1996,87.4
25 to 29,1/1/1997,87.5
25 to 29,1/1/1998,86.8
25 to 29,1/1/1999,87.1
25 to 29,1/1/2000,
25 to 29,1/1/2001,88.5
25 to 29,1/1/2002,87.9
25 to 29,1/1/2003,88.7
25 to 29,1/1/2004,87.9
25 to 29,1/1/2005,
25 to 29,1/1/2006,89
25 to 29,1/1/2007,89.9
25 to 29,1/1/2008,88.7
25 to 29,1/1/2009,89.3
25 to 29,1/1/2010,89.4
25 to 29,1/1/2011,89.2
25 to 29,1/1/2012,88.3
25 to 29,1/1/2013,88.5
25 to 29,1/1/2014,89
25 to 29,1/1/2015,90.3
25 to 29,1/1/2016,90.3
25 to 29,1/1/2017,90.2
25 to 29,1/1/2018,90
25 to 29,1/1/2019,90.1
25 to 29,1/1/2020,90.4
25 to 29,1/1/2021,90.4
30 to 34,1/1/1991,79.5
30 to 34,1/1/1992,81
30 to 34,1/1/1993,80
30 to 34,1/1/1994,80.1
30 to 34,1/1/1995,
30 to 34,1/1/1996,82
30 to 34,1/1/1997,82.2
30 to 34,1/1/1998,82.7
30 to 34,1/1/1999,83.4
30 to 34,1/1/2000,
30 to 34,1/1/2001,84.2
30 to 34,1/1/2002,84.4
30 to 34,1/1/2003,85.8
30 to 34,1/1/2004,85.6
30 to 34,1/1/2005,
30 to 34,1/1/2006,87.2
30 to 34,1/1/2007,87.7
30 to 34,1/1/2008,88.6
30 to 34,1/1/2009,88.3
30 to 34,1/1/2010,89
30 to 34,1/1/2011,88.6
30 to 34,1/1/2012,89.8
30 to 34,1/1/2013,90.1
30 to 34,1/1/2014,89.9
30 to 34,1/1/2015,90.2
30 to 34,1/1/2016,90.8
30 to 34,1/1/2017,91.8
30 to 34,1/1/2018,91
30 to 34,1/1/2019,92.3
30 to 34,1/1/2020,92.3
30 to 34,1/1/2021,93.4
35 to 39,1/1/1991,77.6
35 to 39,1/1/1992,77
35 to 39,1/1/1993,77.4
35 to 39,1/1/1994,78.1
35 to 39,1/1/1995,
35 to 39,1/1/1996,79.1
35 to 39,1/1/1997,78.5
35 to 39,1/1/1998,80.2
35 to 39,1/1/1999,79.3
35 to 39,1/1/2000,
35 to 39,1/1/2001,80.4
35 to 39,1/1/2002,80.2
35 to 39,1/1/2003,81.6
35 to 39,1/1/2004,82.1
35 to 39,1/1/2005,
35 to 39,1/1/2006,83.8
35 to 39,1/1/2007,84.5
35 to 39,1/1/2008,85.6
35 to 39,1/1/2009,85.8
35 to 39,1/1/2010,86.2
35 to 39,1/1/2011,87.3
35 to 39,1/1/2012,88
35 to 39,1/1/2013,88
35 to 39,1/1/2014,88.8
35 to 39,1/1/2015,89.1
35 to 39,1/1/2016,89.7
35 to 39,1/1/2017,89.8
35 to 39,1/1/2018,89
35 to 39,1/1/2019,89.6
35 to 39,1/1/2020,90.4
35 to 39,1/1/2021,91.2
40 to 44,1/1/1991,75.9
40 to 44,1/1/1992,76.2
40 to 44,1/1/1993,76.4
40 to 44,1/1/1994,76.7
40 to 44,1/1/1995,
40 to 44,1/1/1996,77.5
40 to 44,1/1/1997,77.9
40 to 44,1/1/1998,78.8
40 to 44,1/1/1999,78.8
40 to 44,1/1/2000,
40 to 44,1/1/2001,80.1
40 to 44,1/1/2002,80.1
40 to 44,1/1/2003,80.1
40 to 44,1/1/2004,80.8
40 to 44,1/1/2005,
40 to 44,1/1/2006,82.5
40 to 44,1/1/2007,82.9
40 to 44,1/1/2008,83.3
40 to 44,1/1/2009,84.4
40 to 44,1/1/2010,84.4
40 to 44,1/1/2011,84.9
40 to 44,1/1/2012,85.4
40 to 44,1/1/2013,85.7
40 to 44,1/1/2014,87.1
40 to 44,1/1/2015,87.6
40 to 44,1/1/2016,88.2
40 to 44,1/1/2017,87.7
40 to 44,1/1/2018,88.8
40 to 44,1/1/2019,88.7
40 to 44,1/1/2020,89
40 to 44,1/1/2021,90.6
45 to 49,1/1/1991,70.4
45 to 49,1/1/1992,71.5
45 to 49,1/1/1993,73.3
45 to 49,1/1/1994,73.9
45 to 49,1/1/1995,
45 to 49,1/1/1996,75.8
45 to 49,1/1/1997,76.2
45 to 49,1/1/1998,76.5
45 to 49,1/1/1999,78.2
45 to 49,1/1/2000,
45 to 49,1/1/2001,78.9
45 to 49,1/1/2002,78.2
45 to 49,1/1/2003,77.6
45 to 49,1/1/2004,79.2
45 to 49,1/1/2005,
45 to 49,1/1/2006,81.4
45 to 49,1/1/2007,80.8
45 to 49,1/1/2008,82.8
45 to 49,1/1/2009,82.1
45 to 49,1/1/2010,82.4
45 to 49,1/1/2011,83.7
45 to 49,1/1/2012,84.4
45 to 49,1/1/2013,84.5
45 to 49,1/1/2014,84.7
45 to 49,1/1/2015,85.9
45 to 49,1/1/2016,86.3
45 to 49,1/1/2017,86.8
45 to 49,1/1/2018,86.5
45 to 49,1/1/2019,87.9
45 to 49,1/1/2020,87.4
45 to 49,1/1/2021,88.3
50 to 54,1/1/1991,63.2
50 to 54,1/1/1992,62.5
50 to 54,1/1/1993,63.5
50 to 54,1/1/1994,64.3
50 to 54,1/1/1995,
50 to 54,1/1/1996,68
50 to 54,1/1/1997,69.1
50 to 54,1/1/1998,68.9
50 to 54,1/1/1999,69.5
50 to 54,1/1/2000,
50 to 54,1/1/2001,71.4
50 to 54,1/1/2002,72.5
50 to 54,1/1/2003,73.1
50 to 54,1/1/2004,73.4
50 to 54,1/1/2005,
50 to 54,1/1/2006,76.8
50 to 54,1/1/2007,77.3
50 to 54,1/1/2008,77.5
50 to 54,1/1/2009,78.1
50 to 54,1/1/2010,78.6
50 to 54,1/1/2011,79.7
50 to 54,1/1/2012,79.5
50 to 54,1/1/2013,80
50 to 54,1/1/2014,81.8
50 to 54,1/1/2015,82.4
50 to 54,1/1/2016,81.4
50 to 54,1/1/2017,82.8
50 to 54,1/1/2018,82
50 to 54,1/1/2019,82.3
50 to 54,1/1/2020,82.2
50 to 54,1/1/2021,84.8
55 to 59,1/1/1991,46.1
55 to 59,1/1/1992,46.9
55 to 59,1/1/1993,47
55 to 59,1/1/1994,49.6
55 to 59,1/1/1995,
55 to 59,1/1/1996,52.9
55 to 59,1/1/1997,51
55 to 59,1/1/1998,53.4
55 to 59,1/1/1999,54.1
55 to 59,1/1/2000,
55 to 59,1/1/2001,55.6
55 to 59,1/1/2002,58.7
55 to 59,1/1/2003,57.5
55 to 59,1/1/2004,59.1
55 to 59,1/1/2005,
55 to 59,1/1/2006,63.5
55 to 59,1/1/2007,66
55 to 59,1/1/2008,66.6
55 to 59,1/1/2009,68.4
55 to 59,1/1/2010,68.3
55 to 59,1/1/2011,70.2
55 to 59,1/1/2012,72.4
55 to 59,1/1/2013,73.2
55 to 59,1/1/2014,74.3
55 to 59,1/1/2015,75.5
55 to 59,1/1/2016,75.8
55 to 59,1/1/2017,74.9
55 to 59,1/1/2018,75.1
55 to 59,1/1/2019,75
55 to 59,1/1/2020,75.9
55 to 59,1/1/2021,77.7
60 to 64,1/1/1991,29.9
60 to 64,1/1/1992,30.5
60 to 64,1/1/1993,30.4
60 to 64,1/1/1994,30.8
60 to 64,1/1/1995,
60 to 64,1/1/1996,31.6
60 to 64,1/1/1997,32.4
60 to 64,1/1/1998,30.9
60 to 64,1/1/1999,34.8
60 to 64,1/1/2000,
60 to 64,1/1/2001,35.6
60 to 64,1/1/2002,35.4
60 to 64,1/1/2003,34.2
60 to 64,1/1/2004,35.1
60 to 64,1/1/2005,
60 to 64,1/1/2006,43.9
60 to 64,1/1/2007,46.8
60 to 64,1/1/2008,48.8
60 to 64,1/1/2009,50.6
60 to 64,1/1/2010,51
60 to 64,1/1/2011,54.7
60 to 64,1/1/2012,58.1
60 to 64,1/1/2013,59.7
60 to 64,1/1/2014,61.2
60 to 64,1/1/2015,62.4
60 to 64,1/1/2016,62.8
60 to 64,1/1/2017,63.6
60 to 64,1/1/2018,62.2
60 to 64,1/1/2019,63.9
60 to 64,1/1/2020,65
60 to 64,1/1/2021,65.9
65 to 69,1/1/1991,17.5
65 to 69,1/1/1992,20.7
65 to 69,1/1/1993,19.1
65 to 69,1/1/1994,20.4
65 to 69,1/1/1995,
65 to 69,1/1/1996,20.9
65 to 69,1/1/1997,20.9
65 to 69,1/1/1998,18.2
65 to 69,1/1/1999,20.5
65 to 69,1/1/2000,
65 to 69,1/1/2001,20.7
65 to 69,1/1/2002,19.6
65 to 69,1/1/2003,19.5
65 to 69,1/1/2004,18.9
65 to 69,1/1/2005,
65 to 69,1/1/2006,25.3
65 to 69,1/1/2007,26.6
65 to 69,1/1/2008,27.5
65 to 69,1/1/2009,29.9
65 to 69,1/1/2010,30.9
65 to 69,1/1/2011,36.2
65 to 69,1/1/2012,38.6
65 to 69,1/1/2013,40.2
65 to 69,1/1/2014,41.2
65 to 69,1/1/2015,42.2
65 to 69,1/1/2016,43.2
65 to 69,1/1/2017,43.4
65 to 69,1/1/2018,45.3
65 to 69,1/1/2019,46.1
65 to 69,1/1/2020,48.7
65 to 69,1/1/2021,50.9
70 to 74,1/1/1991,10.3
70 to 74,1/1/1992,12.1
70 to 74,1/1/1993,12
70 to 74,1/1/1994,12.7
70 to 74,1/1/1995,
70 to 74,1/1/1996,11.6
70 to 74,1/1/1997,10
70 to 74,1/1/1998,10.6
70 to 74,1/1/1999,11.3
70 to 74,1/1/2000,
70 to 74,1/1/2001,10.6
70 to 74,1/1/2002,10.1
70 to 74,1/1/2003,10.2
70 to 74,1/1/2004,8.9
70 to 74,1/1/2005,
70 to 74,1/1/2006,13.2
70 to 74,1/1/2007,12.2
70 to 74,1/1/2008,15.1
70 to 74,1/1/2009,16.8
70 to 74,1/1/2010,18.7
70 to 74,1/1/2011,20.4
70 to 74,1/1/2012,21.9
70 to 74,1/1/2013,24.2
70 to 74,1/1/2014,25.7
70 to 74,1/1/2015,24.9
70 to 74,1/1/2016,26.8
70 to 74,1/1/2017,28
70 to 74,1/1/2018,28.3
70 to 74,1/1/2019,28.8
70 to 74,1/1/2020,31
70 to 74,1/1/2021,31.8
75 & Over,1/1/1991,4.8
75 & Over,1/1/1992,4.7
75 & Over,1/1/1993,4.7
75 & Over,1/1/1994,5.6
75 & Over,1/1/1995,
75 & Over,1/1/1996,4.5
75 & Over,1/1/1997,4
75 & Over,1/1/1998,3
75 & Over,1/1/1999,4.8
75 & Over,1/1/2000,
75 & Over,1/1/2001,4
75 & Over,1/1/2002,4.2
75 & Over,1/1/2003,3.4
75 & Over,1/1/2004,2.6
75 & Over,1/1/2005,
75 & Over,1/1/2006,3.9
75 & Over,1/1/2007,5
75 & Over,1/1/2008,5.4
75 & Over,1/1/2009,5.7
75 & Over,1/1/2010,5.4
75 & Over,1/1/2011,6.4
75 & Over,1/1/2012,6.7
75 & Over,1/1/2013,7.6
75 & Over,1/1/2014,8.4
75 & Over,1/1/2015,8.8
75 & Over,1/1/2016,8.4
75 & Over,1/1/2017,9.1
75 & Over,1/1/2018,9.4
75 & Over,1/1/2019,9.5
75 & Over,1/1/2020,10.2
75 & Over,1/1/2021,11.8
Males,1/1/1991,79.4
Males,1/1/1992,79.4
Males,1/1/1993,78.8
Males,1/1/1994,79.2
Males,1/1/1995,
Males,1/1/1996,78.7
Males,1/1/1997,78.2
Males,1/1/1998,77.4
Males,1/1/1999,77.8
Males,1/1/2000,
Males,1/1/2001,77.7
Males,1/1/2002,77.2
Males,1/1/2003,76.1
Males,1/1/2004,75.7
Males,1/1/2005,
Males,1/1/2006,76.2
Males,1/1/2007,76.5
Males,1/1/2008,76.1
Males,1/1/2009,76.3
Males,1/1/2010,76.5
Males,1/1/2011,75.6
Males,1/1/2012,76
Males,1/1/2013,75.8
Males,1/1/2014,75.9
Males,1/1/2015,76.7
Males,1/1/2016,76.2
Males,1/1/2017,76
Males,1/1/2018,75.6
Males,1/1/2019,75.4
Males,1/1/2020,75.4
Males,1/1/2021,77.2
M 15 to 19,1/1/1991,30
M 15 to 19,1/1/1992,28.6
M 15 to 19,1/1/1993,23.9
M 15 to 19,1/1/1994,22.5
M 15 to 19,1/1/1995,
M 15 to 19,1/1/1996,21.5
M 15 to 19,1/1/1997,16.7
M 15 to 19,1/1/1998,15.7
M 15 to 19,1/1/1999,17.3
M 15 to 19,1/1/2000,
M 15 to 19,1/1/2001,17.2
M 15 to 19,1/1/2002,12.8
M 15 to 19,1/1/2003,12.6
M 15 to 19,1/1/2004,12.4
M 15 to 19,1/1/2005,
M 15 to 19,1/1/2006,12.6
M 15 to 19,1/1/2007,15.2
M 15 to 19,1/1/2008,13.9
M 15 to 19,1/1/2009,13
M 15 to 19,1/1/2010,17.5
M 15 to 19,1/1/2011,14.6
M 15 to 19,1/1/2012,13.8
M 15 to 19,1/1/2013,13.2
M 15 to 19,1/1/2014,14.9
M 15 to 19,1/1/2015,18.3
M 15 to 19,1/1/2016,18
M 15 to 19,1/1/2017,18
M 15 to 19,1/1/2018,18.4
M 15 to 19,1/1/2019,17.5
M 15 to 19,1/1/2020,16.8
M 15 to 19,1/1/2021,17.6
M 20 to 24,1/1/1991,82.2
M 20 to 24,1/1/1992,81
M 20 to 24,1/1/1993,80.2
M 20 to 24,1/1/1994,78
M 20 to 24,1/1/1995,
M 20 to 24,1/1/1996,74.2
M 20 to 24,1/1/1997,71.6
M 20 to 24,1/1/1998,69.2
M 20 to 24,1/1/1999,70.3
M 20 to 24,1/1/2000,
M 20 to 24,1/1/2001,69.6
M 20 to 24,1/1/2002,67.5
M 20 to 24,1/1/2003,68.3
M 20 to 24,1/1/2004,68.6
M 20 to 24,1/1/2005,
M 20 to 24,1/1/2006,71.4
M 20 to 24,1/1/2007,67.6
M 20 to 24,1/1/2008,66.1
M 20 to 24,1/1/2009,65.2
M 20 to 24,1/1/2010,66.2
M 20 to 24,1/1/2011,63.2
M 20 to 24,1/1/2012,64.5
M 20 to 24,1/1/2013,63.2
M 20 to 24,1/1/2014,63.6
M 20 to 24,1/1/2015,64.4
M 20 to 24,1/1/2016,62.6
M 20 to 24,1/1/2017,62.7
M 20 to 24,1/1/2018,60.3
M 20 to 24,1/1/2019,59.3
M 20 to 24,1/1/2020,54.9
M 20 to 24,1/1/2021,59
M 25 to 29,1/1/1991,96.9
M 25 to 29,1/1/1992,97
M 25 to 29,1/1/1993,96
M 25 to 29,1/1/1994,96
M 25 to 29,1/1/1995,
M 25 to 29,1/1/1996,96.5
M 25 to 29,1/1/1997,94.8
M 25 to 29,1/1/1998,94.4
M 25 to 29,1/1/1999,94.1
M 25 to 29,1/1/2000,
M 25 to 29,1/1/2001,94.8
M 25 to 29,1/1/2002,94.1
M 25 to 29,1/1/2003,94
M 25 to 29,1/1/2004,92.3
M 25 to 29,1/1/2005,
M 25 to 29,1/1/2006,94
M 25 to 29,1/1/2007,93.6
M 25 to 29,1/1/2008,93.3
M 25 to 29,1/1/2009,93.3
M 25 to 29,1/1/2010,93.3
M 25 to 29,1/1/2011,91.8
M 25 to 29,1/1/2012,89.9
M 25 to 29,1/1/2013,89
M 25 to 29,1/1/2014,89.4
M 25 to 29,1/1/2015,90.9
M 25 to 29,1/1/2016,90
M 25 to 29,1/1/2017,90.7
M 25 to 29,1/1/2018,90.7
M 25 to 29,1/1/2019,90
M 25 to 29,1/1/2020,89.7
M 25 to 29,1/1/2021,90.2
M 30 to 34,1/1/1991,98.7
M 30 to 34,1/1/1992,98.7
M 30 to 34,1/1/1993,98.5
M 30 to 34,1/1/1994,98.3
M 30 to 34,1/1/1995,
M 30 to 34,1/1/1996,98.3
M 30 to 34,1/1/1997,98.5
M 30 to 34,1/1/1998,98.4
M 30 to 34,1/1/1999,98.1
M 30 to 34,1/1/2000,
M 30 to 34,1/1/2001,98.2
M 30 to 34,1/1/2002,98.3
M 30 to 34,1/1/2003,98.5
M 30 to 34,1/1/2004,98
M 30 to 34,1/1/2005,
M 30 to 34,1/1/2006,98
M 30 to 34,1/1/2007,98.3
M 30 to 34,1/1/2008,98.1
M 30 to 34,1/1/2009,97.7
M 30 to 34,1/1/2010,97.7
M 30 to 34,1/1/2011,97.4
M 30 to 34,1/1/2012,97.2
M 30 to 34,1/1/2013,97.2
M 30 to 34,1/1/2014,97.5
M 30 to 34,1/1/2015,97.4
M 30 to 34,1/1/2016,97
M 30 to 34,1/1/2017,97.4
M 30 to 34,1/1/2018,97.8
M 30 to 34,1/1/2019,96.8
M 30 to 34,1/1/2020,96.8
M 30 to 34,1/1/2021,97
M 35 to 39,1/1/1991,99.1
M 35 to 39,1/1/1992,98.5
M 35 to 39,1/1/1993,98.4
M 35 to 39,1/1/1994,98.8
M 35 to 39,1/1/1995,
M 35 to 39,1/1/1996,98.2
M 35 to 39,1/1/1997,98.4
M 35 to 39,1/1/1998,98.8
M 35 to 39,1/1/1999,98.2
M 35 to 39,1/1/2000,
M 35 to 39,1/1/2001,98.6
M 35 to 39,1/1/2002,98.3
M 35 to 39,1/1/2003,98.2
M 35 to 39,1/1/2004,97.7
M 35 to 39,1/1/2005,
M 35 to 39,1/1/2006,98.2
M 35 to 39,1/1/2007,98.1
M 35 to 39,1/1/2008,97.7
M 35 to 39,1/1/2009,97.8
M 35 to 39,1/1/2010,98
M 35 to 39,1/1/2011,97.7
M 35 to 39,1/1/2012,98.2
M 35 to 39,1/1/2013,97.5
M 35 to 39,1/1/2014,97.2
M 35 to 39,1/1/2015,97.5
M 35 to 39,1/1/2016,97.8
M 35 to 39,1/1/2017,97.6
M 35 to 39,1/1/2018,97.2
M 35 to 39,1/1/2019,97.8
M 35 to 39,1/1/2020,97.2
M 35 to 39,1/1/2021,97.4
M 40 to 44,1/1/1991,98.4
M 40 to 44,1/1/1992,98.3
M 40 to 44,1/1/1993,98.1
M 40 to 44,1/1/1994,98.7
M 40 to 44,1/1/1995,
M 40 to 44,1/1/1996,98.2
M 40 to 44,1/1/1997,98
M 40 to 44,1/1/1998,98.2
M 40 to 44,1/1/1999,97.6
M 40 to 44,1/1/2000,
M 40 to 44,1/1/2001,98.1
M 40 to 44,1/1/2002,97.7
M 40 to 44,1/1/2003,97.2
M 40 to 44,1/1/2004,97.3
M 40 to 44,1/1/2005,
M 40 to 44,1/1/2006,97.7
M 40 to 44,1/1/2007,97.2
M 40 to 44,1/1/2008,97.5
M 40 to 44,1/1/2009,97.8
M 40 to 44,1/1/2010,96.8
M 40 to 44,1/1/2011,97.1
M 40 to 44,1/1/2012,97.1
M 40 to 44,1/1/2013,97.1
M 40 to 44,1/1/2014,96.8
M 40 to 44,1/1/2015,97.1
M 40 to 44,1/1/2016,97.2
M 40 to 44,1/1/2017,97
M 40 to 44,1/1/2018,97.2
M 40 to 44,1/1/2019,97.3
M 40 to 44,1/1/2020,97.4
M 40 to 44,1/1/2021,97.1
M 45 to 49,1/1/1991,96.5
M 45 to 49,1/1/1992,96.1
M 45 to 49,1/1/1993,96.7
M 45 to 49,1/1/1994,97.1
M 45 to 49,1/1/1995,
M 45 to 49,1/1/1996,96.8
M 45 to 49,1/1/1997,96.9
M 45 to 49,1/1/1998,97.2
M 45 to 49,1/1/1999,96.9
M 45 to 49,1/1/2000,
M 45 to 49,1/1/2001,96.5
M 45 to 49,1/1/2002,96.8
M 45 to 49,1/1/2003,96
M 45 to 49,1/1/2004,96.5
M 45 to 49,1/1/2005,
M 45 to 49,1/1/2006,96.5
M 45 to 49,1/1/2007,96.6
M 45 to 49,1/1/2008,96.6
M 45 to 49,1/1/2009,96.4
M 45 to 49,1/1/2010,96.1
M 45 to 49,1/1/2011,96
M 45 to 49,1/1/2012,95.6
M 45 to 49,1/1/2013,96.1
M 45 to 49,1/1/2014,96.4
M 45 to 49,1/1/2015,96.9
M 45 to 49,1/1/2016,96.3
M 45 to 49,1/1/2017,96.6
M 45 to 49,1/1/2018,95.4
M 45 to 49,1/1/2019,96
M 45 to 49,1/1/2020,96.1
M 45 to 49,1/1/2021,96.3
M 50 to 54,1/1/1991,92.5
M 50 to 54,1/1/1992,89.2
M 50 to 54,1/1/1993,90.2
M 50 to 54,1/1/1994,91.2
M 50 to 54,1/1/1995,
M 50 to 54,1/1/1996,91.2
M 50 to 54,1/1/1997,92.6
M 50 to 54,1/1/1998,91.6
M 50 to 54,1/1/1999,92.2
M 50 to 54,1/1/2000,
M 50 to 54,1/1/2001,90.8
M 50 to 54,1/1/2002,92.1
M 50 to 54,1/1/2003,91.9
M 50 to 54,1/1/2004,93.2
M 50 to 54,1/1/2005,
M 50 to 54,1/1/2006,93.3
M 50 to 54,1/1/2007,94.1
M 50 to 54,1/1/2008,93
M 50 to 54,1/1/2009,93.5
M 50 to 54,1/1/2010,92.6
M 50 to 54,1/1/2011,93.5
M 50 to 54,1/1/2012,93.8
M 50 to 54,1/1/2013,94
M 50 to 54,1/1/2014,93.8
M 50 to 54,1/1/2015,94.2
M 50 to 54,1/1/2016,92.9
M 50 to 54,1/1/2017,94.4
M 50 to 54,1/1/2018,92.8
M 50 to 54,1/1/2019,93.9
M 50 to 54,1/1/2020,93.2
M 50 to 54,1/1/2021,94.2
M 55 to 59,1/1/1991,70.7
M 55 to 59,1/1/1992,70.9
M 55 to 59,1/1/1993,71.7
M 55 to 59,1/1/1994,74.5
M 55 to 59,1/1/1995,
M 55 to 59,1/1/1996,77.4
M 55 to 59,1/1/1997,76.1
M 55 to 59,1/1/1998,76.6
M 55 to 59,1/1/1999,76.4
M 55 to 59,1/1/2000,
M 55 to 59,1/1/2001,74.3
M 55 to 59,1/1/2002,79.4
M 55 to 59,1/1/2003,78.7
M 55 to 59,1/1/2004,78.3
M 55 to 59,1/1/2005,
M 55 to 59,1/1/2006,81.9
M 55 to 59,1/1/2007,84.5
M 55 to 59,1/1/2008,84.9
M 55 to 59,1/1/2009,86.8
M 55 to 59,1/1/2010,85
M 55 to 59,1/1/2011,85.7
M 55 to 59,1/1/2012,88.5
M 55 to 59,1/1/2013,87.6
M 55 to 59,1/1/2014,87.5
M 55 to 59,1/1/2015,88.2
M 55 to 59,1/1/2016,88.7
M 55 to 59,1/1/2017,88
M 55 to 59,1/1/2018,88
M 55 to 59,1/1/2019,87.3
M 55 to 59,1/1/2020,87.1
M 55 to 59,1/1/2021,89.5
M 60 to 64,1/1/1991,46.8
M 60 to 64,1/1/1992,49
M 60 to 64,1/1/1993,50.4
M 60 to 64,1/1/1994,49
M 60 to 64,1/1/1995,
M 60 to 64,1/1/1996,48.8
M 60 to 64,1/1/1997,49.8
M 60 to 64,1/1/1998,49.1
M 60 to 64,1/1/1999,51.8
M 60 to 64,1/1/2000,
M 60 to 64,1/1/2001,54.1
M 60 to 64,1/1/2002,53.5
M 60 to 64,1/1/2003,50.4
M 60 to 64,1/1/2004,52.4
M 60 to 64,1/1/2005,
M 60 to 64,1/1/2006,62.5
M 60 to 64,1/1/2007,65.6
M 60 to 64,1/1/2008,64.7
M 60 to 64,1/1/2009,69.5
M 60 to 64,1/1/2010,67.5
M 60 to 64,1/1/2011,71.1
M 60 to 64,1/1/2012,74.6
M 60 to 64,1/1/2013,75
M 60 to 64,1/1/2014,77
M 60 to 64,1/1/2015,77.2
M 60 to 64,1/1/2016,76.9
M 60 to 64,1/1/2017,77.8
M 60 to 64,1/1/2018,75.7
M 60 to 64,1/1/2019,76.7
M 60 to 64,1/1/2020,77.8
M 60 to 64,1/1/2021,79.2
M 65 to 69,1/1/1991,29.7
M 65 to 69,1/1/1992,34.2
M 65 to 69,1/1/1993,33.1
M 65 to 69,1/1/1994,34.1
M 65 to 69,1/1/1995,
M 65 to 69,1/1/1996,34.1
M 65 to 69,1/1/1997,34.5
M 65 to 69,1/1/1998,29.4
M 65 to 69,1/1/1999,33.3
M 65 to 69,1/1/2000,
M 65 to 69,1/1/2001,33.4
M 65 to 69,1/1/2002,31.9
M 65 to 69,1/1/2003,31.1
M 65 to 69,1/1/2004,29.3
M 65 to 69,1/1/2005,
M 65 to 69,1/1/2006,36
M 65 to 69,1/1/2007,38.7
M 65 to 69,1/1/2008,40.1
M 65 to 69,1/1/2009,43.6
M 65 to 69,1/1/2010,43.7
M 65 to 69,1/1/2011,49.1
M 65 to 69,1/1/2012,52.6
M 65 to 69,1/1/2013,53.4
M 65 to 69,1/1/2014,54.1
M 65 to 69,1/1/2015,54.5
M 65 to 69,1/1/2016,55.7
M 65 to 69,1/1/2017,54.8
M 65 to 69,1/1/2018,57.3
M 65 to 69,1/1/2019,57.6
M 65 to 69,1/1/2020,59.8
M 65 to 69,1/1/2021,61.1
M 70 to 74,1/1/1991,17.4
M 70 to 74,1/1/1992,20.5
M 70 to 74,1/1/1993,20.7
M 70 to 74,1/1/1994,21.7
M 70 to 74,1/1/1995,
M 70 to 74,1/1/1996,19
M 70 to 74,1/1/1997,16.1
M 70 to 74,1/1/1998,18.8
M 70 to 74,1/1/1999,18.9
M 70 to 74,1/1/2000,
M 70 to 74,1/1/2001,18.3
M 70 to 74,1/1/2002,16.4
M 70 to 74,1/1/2003,17.5
M 70 to 74,1/1/2004,13.9
M 70 to 74,1/1/2005,
M 70 to 74,1/1/2006,20
M 70 to 74,1/1/2007,19.5
M 70 to 74,1/1/2008,23.4
M 70 to 74,1/1/2009,25.2
M 70 to 74,1/1/2010,27.3
M 70 to 74,1/1/2011,31.1
M 70 to 74,1/1/2012,32.1
M 70 to 74,1/1/2013,35.8
M 70 to 74,1/1/2014,37.3
M 70 to 74,1/1/2015,34.5
M 70 to 74,1/1/2016,35.4
M 70 to 74,1/1/2017,39.3
M 70 to 74,1/1/2018,37.3
M 70 to 74,1/1/2019,38.6
M 70 to 74,1/1/2020,40.8
M 70 to 74,1/1/2021,41.3
M 75 & Over,1/1/1991,9.4
M 75 & Over,1/1/1992,9.7
M 75 & Over,1/1/1993,8.5
M 75 & Over,1/1/1994,11.7
M 75 & Over,1/1/1995,
M 75 & Over,1/1/1996,8.9
M 75 & Over,1/1/1997,7.8
M 75 & Over,1/1/1998,5.3
M 75 & Over,1/1/1999,9.5
M 75 & Over,1/1/2000,
M 75 & Over,1/1/2001,7.9
M 75 & Over,1/1/2002,7.9
M 75 & Over,1/1/2003,6.7
M 75 & Over,1/1/2004,5
M 75 & Over,1/1/2005,
M 75 & Over,1/1/2006,6.8
M 75 & Over,1/1/2007,8.6
M 75 & Over,1/1/2008,9.4
M 75 & Over,1/1/2009,10.6
M 75 & Over,1/1/2010,9.8
M 75 & Over,1/1/2011,11.1
M 75 & Over,1/1/2012,11.5
M 75 & Over,1/1/2013,12.5
M 75 & Over,1/1/2014,13.6
M 75 & Over,1/1/2015,13.8
M 75 & Over,1/1/2016,13.4
M 75 & Over,1/1/2017,14.9
M 75 & Over,1/1/2018,14.4
M 75 & Over,1/1/2019,14.8
M 75 & Over,1/1/2020,14.9
M 75 & Over,1/1/2021,17.2
Females,1/1/1991,48
Females,1/1/1992,48.6
Females,1/1/1993,48
Females,1/1/1994,48.6
Females,1/1/1995,
Females,1/1/1996,49.9
Females,1/1/1997,49.5
Females,1/1/1998,49.4
Females,1/1/1999,50.7
Females,1/1/2000,
Females,1/1/2001,51.6
Females,1/1/2002,50.6
Females,1/1/2003,50.9
Females,1/1/2004,51.3
Females,1/1/2005,
Females,1/1/2006,54.3
Females,1/1/2007,54.3
Females,1/1/2008,55.6
Females,1/1/2009,55.2
Females,1/1/2010,56.5
Females,1/1/2011,57
Females,1/1/2012,57.7
Females,1/1/2013,58.1
Females,1/1/2014,58.6
Females,1/1/2015,60.4
Females,1/1/2016,60.4
Females,1/1/2017,59.8
Females,1/1/2018,60.2
Females,1/1/2019,61.1
Females,1/1/2020,61.2
Females,1/1/2021,64.2
F 15 to 19,1/1/1991,26.9
F 15 to 19,1/1/1992,25.3
F 15 to 19,1/1/1993,23.4
F 15 to 19,1/1/1994,20.6
F 15 to 19,1/1/1995,
F 15 to 19,1/1/1996,15.9
F 15 to 19,1/1/1997,14.3
F 15 to 19,1/1/1998,11.1
F 15 to 19,1/1/1999,14.8
F 15 to 19,1/1/2000,
F 15 to 19,1/1/2001,14.3
F 15 to 19,1/1/2002,10.8
F 15 to 19,1/1/2003,10.2
F 15 to 19,1/1/2004,11.8
F 15 to 19,1/1/2005,
F 15 to 19,1/1/2006,12.1
F 15 to 19,1/1/2007,11.7
F 15 to 19,1/1/2008,11.6
F 15 to 19,1/1/2009,10.4
F 15 to 19,1/1/2010,13.1
F 15 to 19,1/1/2011,9.8
F 15 to 19,1/1/2012,10.9
F 15 to 19,1/1/2013,10.2
F 15 to 19,1/1/2014,9.6
F 15 to 19,1/1/2015,13.1
F 15 to 19,1/1/2016,12.4
F 15 to 19,1/1/2017,10.2
F 15 to 19,1/1/2018,11.6
F 15 to 19,1/1/2019,12.4
F 15 to 19,1/1/2020,10.6
F 15 to 19,1/1/2021,13.7
F 20 to 24,1/1/1991,79.7
F 20 to 24,1/1/1992,76.6
F 20 to 24,1/1/1993,75.8
F 20 to 24,1/1/1994,75.4
F 20 to 24,1/1/1995,
F 20 to 24,1/1/1996,74.5
F 20 to 24,1/1/1997,71.9
F 20 to 24,1/1/1998,67.6
F 20 to 24,1/1/1999,71.1
F 20 to 24,1/1/2000,
F 20 to 24,1/1/2001,68.2
F 20 to 24,1/1/2002,62.8
F 20 to 24,1/1/2003,65.9
F 20 to 24,1/1/2004,65.1
F 20 to 24,1/1/2005,
F 20 to 24,1/1/2006,70
F 20 to 24,1/1/2007,65.5
F 20 to 24,1/1/2008,67
F 20 to 24,1/1/2009,61.8
F 20 to 24,1/1/2010,65.3
F 20 to 24,1/1/2011,62.5
F 20 to 24,1/1/2012,62.6
F 20 to 24,1/1/2013,59.9
F 20 to 24,1/1/2014,59.8
F 20 to 24,1/1/2015,66.3
F 20 to 24,1/1/2016,62
F 20 to 24,1/1/2017,61.6
F 20 to 24,1/1/2018,62.4
F 20 to 24,1/1/2019,62.9
F 20 to 24,1/1/2020,57.3
F 20 to 24,1/1/2021,66.1
F 25 to 29,1/1/1991,73.4
F 25 to 29,1/1/1992,75.3
F 25 to 29,1/1/1993,75.1
F 25 to 29,1/1/1994,76.8
F 25 to 29,1/1/1995,
F 25 to 29,1/1/1996,79.4
F 25 to 29,1/1/1997,80.7
F 25 to 29,1/1/1998,80
F 25 to 29,1/1/1999,80.8
F 25 to 29,1/1/2000,
F 25 to 29,1/1/2001,82.9
F 25 to 29,1/1/2002,82.4
F 25 to 29,1/1/2003,84.1
F 25 to 29,1/1/2004,83.8
F 25 to 29,1/1/2005,
F 25 to 29,1/1/2006,84.5
F 25 to 29,1/1/2007,86.5
F 25 to 29,1/1/2008,84.5
F 25 to 29,1/1/2009,85.5
F 25 to 29,1/1/2010,85.7
F 25 to 29,1/1/2011,86.7
F 25 to 29,1/1/2012,86.8
F 25 to 29,1/1/2013,88
F 25 to 29,1/1/2014,88.6
F 25 to 29,1/1/2015,89.7
F 25 to 29,1/1/2016,90.6
F 25 to 29,1/1/2017,89.6
F 25 to 29,1/1/2018,89.4
F 25 to 29,1/1/2019,90.1
F 25 to 29,1/1/2020,91.1
F 25 to 29,1/1/2021,90.5
F 30 to 34,1/1/1991,60
F 30 to 34,1/1/1992,62.7
F 30 to 34,1/1/1993,62.1
F 30 to 34,1/1/1994,62.5
F 30 to 34,1/1/1995,
F 30 to 34,1/1/1996,66.7
F 30 to 34,1/1/1997,66.6
F 30 to 34,1/1/1998,68.2
F 30 to 34,1/1/1999,69.3
F 30 to 34,1/1/2000,
F 30 to 34,1/1/2001,71.4
F 30 to 34,1/1/2002,72.2
F 30 to 34,1/1/2003,74.4
F 30 to 34,1/1/2004,74.6
F 30 to 34,1/1/2005,
F 30 to 34,1/1/2006,77.7
F 30 to 34,1/1/2007,78.2
F 30 to 34,1/1/2008,80.5
F 30 to 34,1/1/2009,79.9
F 30 to 34,1/1/2010,81.3
F 30 to 34,1/1/2011,81
F 30 to 34,1/1/2012,83.3
F 30 to 34,1/1/2013,83.7
F 30 to 34,1/1/2014,83.3
F 30 to 34,1/1/2015,83.9
F 30 to 34,1/1/2016,85.3
F 30 to 34,1/1/2017,86.9
F 30 to 34,1/1/2018,84.9
F 30 to 34,1/1/2019,88.3
F 30 to 34,1/1/2020,88.2
F 30 to 34,1/1/2021,90.1
F 35 to 39,1/1/1991,55.3
F 35 to 39,1/1/1992,55.8
F 35 to 39,1/1/1993,56.4
F 35 to 39,1/1/1994,57.2
F 35 to 39,1/1/1995,
F 35 to 39,1/1/1996,59.8
F 35 to 39,1/1/1997,58.5
F 35 to 39,1/1/1998,61.5
F 35 to 39,1/1/1999,59.8
F 35 to 39,1/1/2000,
F 35 to 39,1/1/2001,62.6
F 35 to 39,1/1/2002,62.2
F 35 to 39,1/1/2003,65.5
F 35 to 39,1/1/2004,67.4
F 35 to 39,1/1/2005,
F 35 to 39,1/1/2006,70.4
F 35 to 39,1/1/2007,71.4
F 35 to 39,1/1/2008,74.4
F 35 to 39,1/1/2009,75.5
F 35 to 39,1/1/2010,75.2
F 35 to 39,1/1/2011,77.6
F 35 to 39,1/1/2012,78.9
F 35 to 39,1/1/2013,79.4
F 35 to 39,1/1/2014,80.9
F 35 to 39,1/1/2015,81.7
F 35 to 39,1/1/2016,82.3
F 35 to 39,1/1/2017,82.9
F 35 to 39,1/1/2018,81.8
F 35 to 39,1/1/2019,82.7
F 35 to 39,1/1/2020,84.4
F 35 to 39,1/1/2021,85.4
F 40 to 44,1/1/1991,53.8
F 40 to 44,1/1/1992,54.3
F 40 to 44,1/1/1993,54.1
F 40 to 44,1/1/1994,54.3
F 40 to 44,1/1/1995,
F 40 to 44,1/1/1996,56.5
F 40 to 44,1/1/1997,57.6
F 40 to 44,1/1/1998,59.5
F 40 to 44,1/1/1999,60.1
F 40 to 44,1/1/2000,
F 40 to 44,1/1/2001,61.9
F 40 to 44,1/1/2002,62.1
F 40 to 44,1/1/2003,62.7
F 40 to 44,1/1/2004,63.9
F 40 to 44,1/1/2005,
F 40 to 44,1/1/2006,67.7
F 40 to 44,1/1/2007,69
F 40 to 44,1/1/2008,69.9
F 40 to 44,1/1/2009,71.3
F 40 to 44,1/1/2010,72.7
F 40 to 44,1/1/2011,73.9
F 40 to 44,1/1/2012,74.8
F 40 to 44,1/1/2013,75.4
F 40 to 44,1/1/2014,78.1
F 40 to 44,1/1/2015,78.9
F 40 to 44,1/1/2016,80.2
F 40 to 44,1/1/2017,78.9
F 40 to 44,1/1/2018,81
F 40 to 44,1/1/2019,81.2
F 40 to 44,1/1/2020,81.4
F 40 to 44,1/1/2021,84.7
F 45 to 49,1/1/1991,46.1
F 45 to 49,1/1/1992,47.6
F 45 to 49,1/1/1993,49.4
F 45 to 49,1/1/1994,50.2
F 45 to 49,1/1/1995,
F 45 to 49,1/1/1996,54.1
F 45 to 49,1/1/1997,55.1
F 45 to 49,1/1/1998,55.8
F 45 to 49,1/1/1999,59.6
F 45 to 49,1/1/2000,
F 45 to 49,1/1/2001,60.8
F 45 to 49,1/1/2002,59.8
F 45 to 49,1/1/2003,58.9
F 45 to 49,1/1/2004,61.7
F 45 to 49,1/1/2005,
F 45 to 49,1/1/2006,66.2
F 45 to 49,1/1/2007,65.5
F 45 to 49,1/1/2008,68.7
F 45 to 49,1/1/2009,67.9
F 45 to 49,1/1/2010,68.9
F 45 to 49,1/1/2011,71.5
F 45 to 49,1/1/2012,73.4
F 45 to 49,1/1/2013,73.1
F 45 to 49,1/1/2014,73.7
F 45 to 49,1/1/2015,75.5
F 45 to 49,1/1/2016,77.2
F 45 to 49,1/1/2017,77.7
F 45 to 49,1/1/2018,78.1
F 45 to 49,1/1/2019,80.3
F 45 to 49,1/1/2020,78.8
F 45 to 49,1/1/2021,80.6
F 50 to 54,1/1/1991,33.8
F 50 to 54,1/1/1992,36.5
F 50 to 54,1/1/1993,37.1
F 50 to 54,1/1/1994,38.3
F 50 to 54,1/1/1995,
F 50 to 54,1/1/1996,44.3
F 50 to 54,1/1/1997,44.9
F 50 to 54,1/1/1998,46.5
F 50 to 54,1/1/1999,46.7
F 50 to 54,1/1/2000,
F 50 to 54,1/1/2001,51.2
F 50 to 54,1/1/2002,51.8
F 50 to 54,1/1/2003,54.1
F 50 to 54,1/1/2004,52.9
F 50 to 54,1/1/2005,
F 50 to 54,1/1/2006,59.5
F 50 to 54,1/1/2007,60.4
F 50 to 54,1/1/2008,62
F 50 to 54,1/1/2009,63
F 50 to 54,1/1/2010,64.9
F 50 to 54,1/1/2011,66.1
F 50 to 54,1/1/2012,65.6
F 50 to 54,1/1/2013,66.5
F 50 to 54,1/1/2014,70.4
F 50 to 54,1/1/2015,70.6
F 50 to 54,1/1/2016,70.3
F 50 to 54,1/1/2017,71.2
F 50 to 54,1/1/2018,71.5
F 50 to 54,1/1/2019,71.3
F 50 to 54,1/1/2020,71.6
F 50 to 54,1/1/2021,76.2
F 55 to 59,1/1/1991,21
F 55 to 59,1/1/1992,22.5
F 55 to 59,1/1/1993,23.8
F 55 to 59,1/1/1994,26.1
F 55 to 59,1/1/1995,
F 55 to 59,1/1/1996,28.8
F 55 to 59,1/1/1997,27.2
F 55 to 59,1/1/1998,30.4
F 55 to 59,1/1/1999,32.4
F 55 to 59,1/1/2000,
F 55 to 59,1/1/2001,37.7
F 55 to 59,1/1/2002,38.8
F 55 to 59,1/1/2003,36.2
F 55 to 59,1/1/2004,40.1
F 55 to 59,1/1/2005,
F 55 to 59,1/1/2006,44.7
F 55 to 59,1/1/2007,46.8
F 55 to 59,1/1/2008,48
F 55 to 59,1/1/2009,49.5
F 55 to 59,1/1/2010,51.7
F 55 to 59,1/1/2011,55.1
F 55 to 59,1/1/2012,56.2
F 55 to 59,1/1/2013,59.1
F 55 to 59,1/1/2014,61.4
F 55 to 59,1/1/2015,62.8
F 55 to 59,1/1/2016,63.1
F 55 to 59,1/1/2017,61.8
F 55 to 59,1/1/2018,62.1
F 55 to 59,1/1/2019,63.3
F 55 to 59,1/1/2020,64.8
F 55 to 59,1/1/2021,66.6
F 60 to 64,1/1/1991,12.4
F 60 to 64,1/1/1992,12.5
F 60 to 64,1/1/1993,10.6
F 60 to 64,1/1/1994,12.9
F 60 to 64,1/1/1995,
F 60 to 64,1/1/1996,14.9
F 60 to 64,1/1/1997,15.4
F 60 to 64,1/1/1998,13.9
F 60 to 64,1/1/1999,19.4
F 60 to 64,1/1/2000,
F 60 to 64,1/1/2001,18.6
F 60 to 64,1/1/2002,19
F 60 to 64,1/1/2003,18.9
F 60 to 64,1/1/2004,18.4
F 60 to 64,1/1/2005,
F 60 to 64,1/1/2006,26.2
F 60 to 64,1/1/2007,29.2
F 60 to 64,1/1/2008,33.1
F 60 to 64,1/1/2009,33
F 60 to 64,1/1/2010,35.4
F 60 to 64,1/1/2011,38.4
F 60 to 64,1/1/2012,41.7
F 60 to 64,1/1/2013,44.2
F 60 to 64,1/1/2014,45.5
F 60 to 64,1/1/2015,47.7
F 60 to 64,1/1/2016,48.8
F 60 to 64,1/1/2017,49.9
F 60 to 64,1/1/2018,49.4
F 60 to 64,1/1/2019,50.8
F 60 to 64,1/1/2020,52.6
F 60 to 64,1/1/2021,53.6
F 65 to 69,1/1/1991,6.3
F 65 to 69,1/1/1992,7.3
F 65 to 69,1/1/1993,6.4
F 65 to 69,1/1/1994,8
F 65 to 69,1/1/1995,
F 65 to 69,1/1/1996,8.8
F 65 to 69,1/1/1997,8.8
F 65 to 69,1/1/1998,8.2
F 65 to 69,1/1/1999,9.1
F 65 to 69,1/1/2000,
F 65 to 69,1/1/2001,9.5
F 65 to 69,1/1/2002,8
F 65 to 69,1/1/2003,9.6
F 65 to 69,1/1/2004,9.7
F 65 to 69,1/1/2005,
F 65 to 69,1/1/2006,15.6
F 65 to 69,1/1/2007,15.6
F 65 to 69,1/1/2008,16.6
F 65 to 69,1/1/2009,17.7
F 65 to 69,1/1/2010,19.1
F 65 to 69,1/1/2011,23.9
F 65 to 69,1/1/2012,26.3
F 65 to 69,1/1/2013,27.9
F 65 to 69,1/1/2014,29.5
F 65 to 69,1/1/2015,31.1
F 65 to 69,1/1/2016,31.4
F 65 to 69,1/1/2017,32.9
F 65 to 69,1/1/2018,33.7
F 65 to 69,1/1/2019,35.3
F 65 to 69,1/1/2020,38.2
F 65 to 69,1/1/2021,40.6
F 70 to 74,1/1/1991,4.3
F 70 to 74,1/1/1992,5.4
F 70 to 74,1/1/1993,3.4
F 70 to 74,1/1/1994,4.8
F 70 to 74,1/1/1995,
F 70 to 74,1/1/1996,5.2
F 70 to 74,1/1/1997,5.1
F 70 to 74,1/1/1998,3.7
F 70 to 74,1/1/1999,4.4
F 70 to 74,1/1/2000,
F 70 to 74,1/1/2001,4.5
F 70 to 74,1/1/2002,4.9
F 70 to 74,1/1/2003,4.3
F 70 to 74,1/1/2004,4.8
F 70 to 74,1/1/2005,
F 70 to 74,1/1/2006,7.7
F 70 to 74,1/1/2007,6.4
F 70 to 74,1/1/2008,7.9
F 70 to 74,1/1/2009,9.3
F 70 to 74,1/1/2010,11.3
F 70 to 74,1/1/2011,11.3
F 70 to 74,1/1/2012,13.4
F 70 to 74,1/1/2013,14.1
F 70 to 74,1/1/2014,15.6
F 70 to 74,1/1/2015,16.5
F 70 to 74,1/1/2016,19.3
F 70 to 74,1/1/2017,18.1
F 70 to 74,1/1/2018,20.3
F 70 to 74,1/1/2019,20.4
F 70 to 74,1/1/2020,21.9
F 70 to 74,1/1/2021,22.7
F 75 & Over,1/1/1991,1.9
F 75 & Over,1/1/1992,1.1
F 75 & Over,1/1/1993,1.9
F 75 & Over,1/1/1994,1.5
F 75 & Over,1/1/1995,
F 75 & Over,1/1/1996,1.6
F 75 & Over,1/1/1997,1.5
F 75 & Over,1/1/1998,1.4
F 75 & Over,1/1/1999,1.5
F 75 & Over,1/1/2000,
F 75 & Over,1/1/2001,1.5
F 75 & Over,1/1/2002,1.7
F 75 & Over,1/1/2003,1.1
F 75 & Over,1/1/2004,1
F 75 & Over,1/1/2005,
F 75 & Over,1/1/2006,2
F 75 & Over,1/1/2007,2.7
F 75 & Over,1/1/2008,2.7
F 75 & Over,1/1/2009,2.4
F 75 & Over,1/1/2010,2.7
F 75 & Over,1/1/2011,3.3
F 75 & Over,1/1/2012,3.4
F 75 & Over,1/1/2013,4.2
F 75 & Over,1/1/2014,4.7
F 75 & Over,1/1/2015,5.5
F 75 & Over,1/1/2016,5.1
F 75 & Over,1/1/2017,5
F 75 & Over,1/1/2018,6.1
F 75 & Over,1/1/2019,5.8
F 75 & Over,1/1/2020,7
F 75 & Over,1/1/2021,7.9
